STATION,STATION_NAME,ELEVATION,LATITUDE,LONGITUDE,DATE,DLY-PRCP-PCTALL-GE010HI,DLY-SNWD-PCTALL-GE003WI,DLY-SNOW-PCTALL-GE030TI,DLY-TAVG-NORMAL,DLY-TMAX-NORMAL,DLY-TMIN-NORMAL
GHCND:USW00023188,SAN DIEGO LINDBERGH FIELD CA US,4.6,32.73361,-117.18306,20100101,125,0,0,564,646,482
GHCND:USW00023188,SAN DIEGO LINDBERGH FIELD CA US,4.6,32.73361,-117.18306,20100102,126,0,0,565,647,483
GHCND:USW00023188,SAN DIEGO LINDBERGH FIELD CA US,4.6,32.73361,-117.18306,20100103,127,0,0,565,647,483
GHCND:USW00023188,SAN DIEGO LINDBERGH FIELD CA US,4.6,32.73361,-117.18306,20100104,127,0,0,566,648,484
GHCND:USW00023188,SAN DIEGO LINDBERGH FIELD CA US,4.6,32.73361,-117.18306,20100105,128,0,0,566,648,484
GHCND:USW00023188,SAN DIEGO LINDBERGH FIELD CA US,4.6,32.73361,-117.18306,20100106,128,0,0,567,649,485
GHCND:USW00023188,SAN DIEGO LINDBERGH FIELD CA US,4.6,32.73361,-117.18306,20100107,128,0,0,567,649,485
GHCND:USW00023188,SAN DIEGO LINDBERGH FIELD CA US,4.6,32.73361,-117.18306,20100108,128,0,0,568,650,486
GHCND:USW00023188,SAN DIEGO LINDBERGH FIELD CA US,4.6,32.73361,-117.18306,20100109,129,0,0,568,650,487
GHCND:USW00023188,SAN DIEGO LINDBERGH FIELD CA US,4.6,32.73361,-117.18306,20100110,129,0,0,569,650,487
GHCND:USW00023188,SAN DIEGO LINDBERGH FIELD CA US,4.6,32.73361,-117.18306,20100111,129,0,0,569,651,488
GHCND:USW00023188,SAN DIEGO LINDBERGH FIELD CA US,4.6,32.73361,-117.18306,20100112,129,0,0,570,651,488
GHCND:USW00023188,SAN DIEGO LINDBERGH FIELD CA US,4.6,32.73361,-117.18306,20100113,129,0,0,570,651,489
GHCND:USW00023188,SAN DIEGO LINDBERGH FIELD CA US,4.6,32.73361,-117.18306,20100114,129,0,0,571,652,489
GHCND:USW00023188,SAN DIEGO LINDBERGH FIELD CA US,4.6,32.73361,-117.18306,20100115,129,0,0,571,652,490
GHCND:USW00023188,SAN DIEGO LINDBERGH FIELD CA US,4.6,32.73361,-117.18306,20100116,129,0,0,571,652,490
GHCND:USW00023188,SAN DIEGO LINDBERGH FIELD CA US,4.6,32.73361,-117.18306,20100117,129,0,0,572,652,491
GHCND:USW00023188,SAN DIEGO LINDBERGH FIELD CA US,4.6,32.73361,-117.18306,20100118,130,0,0,572,653,491
GHCND:USW00023188,SAN DIEGO LINDBERGH FIELD CA US,4.6,32.73361,-117.18306,20100119,130,0,0,572,653,492
GHCND:USW00023188,SAN DIEGO LINDBERGH FIELD CA US,4.6,32.73361,-117.18306,20100120,130,0,0,573,653,492
GHCND:USW00023188,SAN DIEGO LINDBERGH FIELD CA US,4.6,32.73361,-117.18306,20100121,130,0,0,573,653,493
GHCND:USW00023188,SAN DIEGO LINDBERGH FIELD CA US,4.6,32.73361,-117.18306,20100122,131,0,0,573,653,493
GHCND:USW00023188,SAN DIEGO LINDBERGH FIELD CA US,4.6,32.73361,-117.18306,20100123,131,0,0,573,653,494
GHCND:USW00023188,SAN DIEGO LINDBERGH FIELD CA US,4.6,32.73361,-117.18306,20100124,132,0,0,573,653,494
GHCND:USW00023188,SAN DIEGO LINDBERGH FIELD CA US,4.6,32.73361,-117.18306,20100125,132,0,0,574,653,494
GHCND:USW00023188,SAN DIEGO LINDBERGH FIELD CA US,4.6,32.73361,-117.18306,20100126,133,0,0,574,653,495
GHCND:USW00023188,SAN DIEGO LINDBERGH FIELD CA US,4.6,32.73361,-117.18306,20100127,133,0,0,574,653,495
GHCND:USW00023188,SAN DIEGO LINDBERGH FIELD CA US,4.6,32.73361,-117.18306,20100128,134,0,0,574,652,496
GHCND:USW00023188,SAN DIEGO LINDBERGH FIELD CA US,4.6,32.73361,-117.18306,20100129,135,0,0,574,652,496
GHCND:USW00023188,SAN DIEGO LINDBERGH FIELD CA US,4.6,32.73361,-117.18306,20100130,135,0,0,574,652,497
GHCND:USW00023188,SAN DIEGO LINDBERGH FIELD CA US,4.6,32.73361,-117.18306,20100131,136,0,0,575,652,497
GHCND:USW00023188,SAN DIEGO LINDBERGH FIELD CA US,4.6,32.73361,-117.18306,20100201,137,0,0,575,652,498
GHCND:USW00023188,SAN DIEGO LINDBERGH FIELD CA US,4.6,32.73361,-117.18306,20100202,138,0,0,575,652,498
GHCND:USW00023188,SAN DIEGO LINDBERGH FIELD CA US,4.6,32.73361,-117.18306,20100203,138,0,0,575,651,499
GHCND:USW00023188,SAN DIEGO LINDBERGH FIELD CA US,4.6,32.73361,-117.18306,20100204,139,0,0,575,651,499
GHCND:USW00023188,SAN DIEGO LINDBERGH FIELD CA US,4.6,32.73361,-117.18306,20100205,140,0,0,575,651,500
GHCND:USW00023188,SAN DIEGO LINDBERGH FIELD CA US,4.6,32.73361,-117.18306,20100206,141,0,0,576,651,500
GHCND:USW00023188,SAN DIEGO LINDBERGH FIELD CA US,4.6,32.73361,-117.18306,20100207,142,0,0,576,651,501
GHCND:USW00023188,SAN DIEGO LINDBERGH FIELD CA US,4.6,32.73361,-117.18306,20100208,143,0,0,576,650,502
GHCND:USW00023188,SAN DIEGO LINDBERGH FIELD CA US,4.6,32.73361,-117.18306,20100209,144,0,0,576,650,502
GHCND:USW00023188,SAN DIEGO LINDBERGH FIELD CA US,4.6,32.73361,-117.18306,20100210,144,0,0,576,650,503
GHCND:USW00023188,SAN DIEGO LINDBERGH FIELD CA US,4.6,32.73361,-117.18306,20100211,144,0,0,577,650,504
GHCND:USW00023188,SAN DIEGO LINDBERGH FIELD CA US,4.6,32.73361,-117.18306,20100212,144,0,0,577,650,504
GHCND:USW00023188,SAN DIEGO LINDBERGH FIELD CA US,4.6,32.73361,-117.18306,20100213,144,0,0,577,650,505
GHCND:USW00023188,SAN DIEGO LINDBERGH FIELD CA US,4.6,32.73361,-117.18306,20100214,144,0,0,578,649,506
GHCND:USW00023188,SAN DIEGO LINDBERGH FIELD CA US,4.6,32.73361,-117.18306,20100215,144,0,0,578,649,507
GHCND:USW00023188,SAN DIEGO LINDBERGH FIELD CA US,4.6,32.73361,-117.18306,20100216,144,0,0,578,649,508
GHCND:USW00023188,SAN DIEGO LINDBERGH FIELD CA US,4.6,32.73361,-117.18306,20100217,144,0,0,579,649,508
GHCND:USW00023188,SAN DIEGO LINDBERGH FIELD CA US,4.6,32.73361,-117.18306,20100218,144,0,0,579,649,509
GHCND:USW00023188,SAN DIEGO LINDBERGH FIELD CA US,4.6,32.73361,-117.18306,20100219,144,0,0,580,649,510
GHCND:USW00023188,SAN DIEGO LINDBERGH FIELD CA US,4.6,32.73361,-117.18306,20100220,143,0,0,580,649,511
GHCND:USW00023188,SAN DIEGO LINDBERGH FIELD CA US,4.6,32.73361,-117.18306,20100221,143,0,0,581,649,512
GHCND:USW00023188,SAN DIEGO LINDBERGH FIELD CA US,4.6,32.73361,-117.18306,20100222,142,0,0,581,649,513
GHCND:USW00023188,SAN DIEGO LINDBERGH FIELD CA US,4.6,32.73361,-117.18306,20100223,142,0,0,582,649,514
GHCND:USW00023188,SAN DIEGO LINDBERGH FIELD CA US,4.6,32.73361,-117.18306,20100224,141,0,0,582,650,515
GHCND:USW00023188,SAN DIEGO LINDBERGH FIELD CA US,4.6,32.73361,-117.18306,20100225,140,0,0,583,650,516
GHCND:USW00023188,SAN DIEGO LINDBERGH FIELD CA US,4.6,32.73361,-117.18306,20100226,139,0,0,583,650,517
GHCND:USW00023188,SAN DIEGO LINDBERGH FIELD CA US,4.6,32.73361,-117.18306,20100227,138,0,0,584,650,518
GHCND:USW00023188,SAN DIEGO LINDBERGH FIELD CA US,4.6,32.73361,-117.18306,20100228,137,0,0,584,650,519
GHCND:USW00023188,SAN DIEGO LINDBERGH FIELD CA US,4.6,32.73361,-117.18306,20100301,134,0,0,585,650,520
GHCND:USW00023188,SAN DIEGO LINDBERGH FIELD CA US,4.6,32.73361,-117.18306,20100302,133,0,0,586,651,521
GHCND:USW00023188,SAN DIEGO LINDBERGH FIELD CA US,4.6,32.73361,-117.18306,20100303,131,0,0,586,651,521
GHCND:USW00023188,SAN DIEGO LINDBERGH FIELD CA US,4.6,32.73361,-117.18306,20100304,130,0,0,587,651,522
GHCND:USW00023188,SAN DIEGO LINDBERGH FIELD CA US,4.6,32.73361,-117.18306,20100305,128,0,0,587,651,523
GHCND:USW00023188,SAN DIEGO LINDBERGH FIELD CA US,4.6,32.73361,-117.18306,20100306,126,0,0,588,652,524
GHCND:USW00023188,SAN DIEGO LINDBERGH FIELD CA US,4.6,32.73361,-117.18306,20100307,125,0,0,589,652,525
GHCND:USW00023188,SAN DIEGO LINDBERGH FIELD CA US,4.6,32.73361,-117.18306,20100308,123,0,0,589,652,526
GHCND:USW00023188,SAN DIEGO LINDBERGH FIELD CA US,4.6,32.73361,-117.18306,20100309,122,0,0,590,653,527
GHCND:USW00023188,SAN DIEGO LINDBERGH FIELD CA US,4.6,32.73361,-117.18306,20100310,120,0,0,590,653,528
GHCND:USW00023188,SAN DIEGO LINDBERGH FIELD CA US,4.6,32.73361,-117.18306,20100311,119,0,0,591,653,529
GHCND:USW00023188,SAN DIEGO LINDBERGH FIELD CA US,4.6,32.73361,-117.18306,20100312,118,0,0,592,654,529
GHCND:USW00023188,SAN DIEGO LINDBERGH FIELD CA US,4.6,32.73361,-117.18306,20100313,117,0,0,592,654,530
GHCND:USW00023188,SAN DIEGO LINDBERGH FIELD CA US,4.6,32.73361,-117.18306,20100314,115,0,0,593,655,531
GHCND:USW00023188,SAN DIEGO LINDBERGH FIELD CA US,4.6,32.73361,-117.18306,20100315,114,0,0,593,655,532
GHCND:USW00023188,SAN DIEGO LINDBERGH FIELD CA US,4.6,32.73361,-117.18306,20100316,113,0,0,594,655,532
GHCND:USW00023188,SAN DIEGO LINDBERGH FIELD CA US,4.6,32.73361,-117.18306,20100317,111,0,0,595,656,533
GHCND:USW00023188,SAN DIEGO LINDBERGH FIELD CA US,4.6,32.73361,-117.18306,20100318,110,0,0,595,656,534
GHCND:USW00023188,SAN DIEGO LINDBERGH FIELD CA US,4.6,32.73361,-117.18306,20100319,108,0,0,596,657,535
GHCND:USW00023188,SAN DIEGO LINDBERGH FIELD CA US,4.6,32.73361,-117.18306,20100320,107,0,0,596,657,535
GHCND:USW00023188,SAN DIEGO LINDBERGH FIELD CA US,4.6,32.73361,-117.18306,20100321,106,0,0,597,658,536
GHCND:USW00023188,SAN DIEGO LINDBERGH FIELD CA US,4.6,32.73361,-117.18306,20100322,104,0,0,598,658,537
GHCND:USW00023188,SAN DIEGO LINDBERGH FIELD CA US,4.6,32.73361,-117.18306,20100323,103,0,0,598,659,537
GHCND:USW00023188,SAN DIEGO LINDBERGH FIELD CA US,4.6,32.73361,-117.18306,20100324,101,0,0,599,659,538
GHCND:USW00023188,SAN DIEGO LINDBERGH FIELD CA US,4.6,32.73361,-117.18306,20100325,100,0,0,599,660,539
GHCND:USW00023188,SAN DIEGO LINDBERGH FIELD CA US,4.6,32.73361,-117.18306,20100326,98,0,0,600,661,539
GHCND:USW00023188,SAN DIEGO LINDBERGH FIELD CA US,4.6,32.73361,-117.18306,20100327,97,0,0,601,661,540
GHCND:USW00023188,SAN DIEGO LINDBERGH FIELD CA US,4.6,32.73361,-117.18306,20100328,95,0,0,601,662,541
GHCND:USW00023188,SAN DIEGO LINDBERGH FIELD CA US,4.6,32.73361,-117.18306,20100329,93,0,0,602,663,542
GHCND:USW00023188,SAN DIEGO LINDBERGH FIELD CA US,4.6,32.73361,-117.18306,20100330,92,0,0,603,663,542
GHCND:USW00023188,SAN DIEGO LINDBERGH FIELD CA US,4.6,32.73361,-117.18306,20100331,90,0,0,604,664,543
GHCND:USW00023188,SAN DIEGO LINDBERGH FIELD CA US,4.6,32.73361,-117.18306,20100401,89,0,0,604,665,544
GHCND:USW00023188,SAN DIEGO LINDBERGH FIELD CA US,4.6,32.73361,-117.18306,20100402,87,0,0,605,665,545
GHCND:USW00023188,SAN DIEGO LINDBERGH FIELD CA US,4.6,32.73361,-117.18306,20100403,85,0,0,606,666,545
GHCND:USW00023188,SAN DIEGO LINDBERGH FIELD CA US,4.6,32.73361,-117.18306,20100404,83,0,0,607,667,546
GHCND:USW00023188,SAN DIEGO LINDBERGH FIELD CA US,4.6,32.73361,-117.18306,20100405,82,0,0,607,668,547
GHCND:USW00023188,SAN DIEGO LINDBERGH FIELD CA US,4.6,32.73361,-117.18306,20100406,80,0,0,608,668,548
GHCND:USW00023188,SAN DIEGO LINDBERGH FIELD CA US,4.6,32.73361,-117.18306,20100407,78,0,0,609,669,549
GHCND:USW00023188,SAN DIEGO LINDBERGH FIELD CA US,4.6,32.73361,-117.18306,20100408,76,0,0,610,670,550
GHCND:USW00023188,SAN DIEGO LINDBERGH FIELD CA US,4.6,32.73361,-117.18306,20100409,74,0,0,611,671,551
GHCND:USW00023188,SAN DIEGO LINDBERGH FIELD CA US,4.6,32.73361,-117.18306,20100410,73,0,0,612,671,552
GHCND:USW00023188,SAN DIEGO LINDBERGH FIELD CA US,4.6,32.73361,-117.18306,20100411,71,0,0,613,672,553
GHCND:USW00023188,SAN DIEGO LINDBERGH FIELD CA US,4.6,32.73361,-117.18306,20100412,69,0,0,614,673,554
GHCND:USW00023188,SAN DIEGO LINDBERGH FIELD CA US,4.6,32.73361,-117.18306,20100413,67,0,0,614,674,555
GHCND:USW00023188,SAN DIEGO LINDBERGH FIELD CA US,4.6,32.73361,-117.18306,20100414,66,0,0,615,675,556
GHCND:USW00023188,SAN DIEGO LINDBERGH FIELD CA US,4.6,32.73361,-117.18306,20100415,64,0,0,616,675,558
GHCND:USW00023188,SAN DIEGO LINDBERGH FIELD CA US,4.6,32.73361,-117.18306,20100416,62,0,0,617,676,559
GHCND:USW00023188,SAN DIEGO LINDBERGH FIELD CA US,4.6,32.73361,-117.18306,20100417,61,0,0,618,677,560
GHCND:USW00023188,SAN DIEGO LINDBERGH FIELD CA US,4.6,32.73361,-117.18306,20100418,59,0,0,619,677,561
GHCND:USW00023188,SAN DIEGO LINDBERGH FIELD CA US,4.6,32.73361,-117.18306,20100419,57,0,0,620,678,562
GHCND:USW00023188,SAN DIEGO LINDBERGH FIELD CA US,4.6,32.73361,-117.18306,20100420,55,0,0,621,679,564
GHCND:USW00023188,SAN DIEGO LINDBERGH FIELD CA US,4.6,32.73361,-117.18306,20100421,52,0,0,622,679,565
GHCND:USW00023188,SAN DIEGO LINDBERGH FIELD CA US,4.6,32.73361,-117.18306,20100422,50,0,0,623,680,566
GHCND:USW00023188,SAN DIEGO LINDBERGH FIELD CA US,4.6,32.73361,-117.18306,20100423,48,0,0,624,680,568
GHCND:USW00023188,SAN DIEGO LINDBERGH FIELD CA US,4.6,32.73361,-117.18306,20100424,46,0,0,625,681,569
GHCND:USW00023188,SAN DIEGO LINDBERGH FIELD CA US,4.6,32.73361,-117.18306,20100425,44,0,0,626,681,570
GHCND:USW00023188,SAN DIEGO LINDBERGH FIELD CA US,4.6,32.73361,-117.18306,20100426,42,0,0,627,682,572
GHCND:USW00023188,SAN DIEGO LINDBERGH FIELD CA US,4.6,32.73361,-117.18306,20100427,41,0,0,628,682,573
GHCND:USW00023188,SAN DIEGO LINDBERGH FIELD CA US,4.6,32.73361,-117.18306,20100428,39,0,0,629,683,574
GHCND:USW00023188,SAN DIEGO LINDBERGH FIELD CA US,4.6,32.73361,-117.18306,20100429,37,0,0,629,683,576
GHCND:USW00023188,SAN DIEGO LINDBERGH FIELD CA US,4.6,32.73361,-117.18306,20100430,35,0,0,630,683,577
GHCND:USW00023188,SAN DIEGO LINDBERGH FIELD CA US,4.6,32.73361,-117.18306,20100501,34,0,0,631,683,578
GHCND:USW00023188,SAN DIEGO LINDBERGH FIELD CA US,4.6,32.73361,-117.18306,20100502,32,0,0,632,684,580
GHCND:USW00023188,SAN DIEGO LINDBERGH FIELD CA US,4.6,32.73361,-117.18306,20100503,31,0,0,632,684,581
GHCND:USW00023188,SAN DIEGO LINDBERGH FIELD CA US,4.6,32.73361,-117.18306,20100504,29,0,0,633,684,582
GHCND:USW00023188,SAN DIEGO LINDBERGH FIELD CA US,4.6,32.73361,-117.18306,20100505,28,0,0,634,684,583
GHCND:USW00023188,SAN DIEGO LINDBERGH FIELD CA US,4.6,32.73361,-117.18306,20100506,26,0,0,635,684,585
GHCND:USW00023188,SAN DIEGO LINDBERGH FIELD CA US,4.6,32.73361,-117.18306,20100507,25,0,0,635,684,586
GHCND:USW00023188,SAN DIEGO LINDBERGH FIELD CA US,4.6,32.73361,-117.18306,20100508,24,0,0,636,684,587
GHCND:USW00023188,SAN DIEGO LINDBERGH FIELD CA US,4.6,32.73361,-117.18306,20100509,22,0,0,636,684,588
GHCND:USW00023188,SAN DIEGO LINDBERGH FIELD CA US,4.6,32.73361,-117.18306,20100510,21,0,0,637,684,589
GHCND:USW00023188,SAN DIEGO LINDBERGH FIELD CA US,4.6,32.73361,-117.18306,20100511,19,0,0,637,684,590
GHCND:USW00023188,SAN DIEGO LINDBERGH FIELD CA US,4.6,32.73361,-117.18306,20100512,18,0,0,638,684,591
GHCND:USW00023188,SAN DIEGO LINDBERGH FIELD CA US,4.6,32.73361,-117.18306,20100513,17,0,0,638,684,592
GHCND:USW00023188,SAN DIEGO LINDBERGH FIELD CA US,4.6,32.73361,-117.18306,20100514,16,0,0,639,684,593
GHCND:USW00023188,SAN DIEGO LINDBERGH FIELD CA US,4.6,32.73361,-117.18306,20100515,15,0,0,639,684,594
GHCND:USW00023188,SAN DIEGO LINDBERGH FIELD CA US,4.6,32.73361,-117.18306,20100516,14,0,0,640,684,595
GHCND:USW00023188,SAN DIEGO LINDBERGH FIELD CA US,4.6,32.73361,-117.18306,20100517,13,0,0,640,684,596
GHCND:USW00023188,SAN DIEGO LINDBERGH FIELD CA US,4.6,32.73361,-117.18306,20100518,13,0,0,641,684,597
GHCND:USW00023188,SAN DIEGO LINDBERGH FIELD CA US,4.6,32.73361,-117.18306,20100519,12,0,0,641,685,598
GHCND:USW00023188,SAN DIEGO LINDBERGH FIELD CA US,4.6,32.73361,-117.18306,20100520,12,0,0,642,685,598
GHCND:USW00023188,SAN DIEGO LINDBERGH FIELD CA US,4.6,32.73361,-117.18306,20100521,11,0,0,642,685,599
GHCND:USW00023188,SAN DIEGO LINDBERGH FIELD CA US,4.6,32.73361,-117.18306,20100522,11,0,0,642,685,600
GHCND:USW00023188,SAN DIEGO LINDBERGH FIELD CA US,4.6,32.73361,-117.18306,20100523,11,0,0,643,685,601
GHCND:USW00023188,SAN DIEGO LINDBERGH FIELD CA US,4.6,32.73361,-117.18306,20100524,11,0,0,643,685,601
GHCND:USW00023188,SAN DIEGO LINDBERGH FIELD CA US,4.6,32.73361,-117.18306,20100525,10,0,0,644,686,602
GHCND:USW00023188,SAN DIEGO LINDBERGH FIELD CA US,4.6,32.73361,-117.18306,20100526,10,0,0,644,686,603
GHCND:USW00023188,SAN DIEGO LINDBERGH FIELD CA US,4.6,32.73361,-117.18306,20100527,10,0,0,645,686,603
GHCND:USW00023188,SAN DIEGO LINDBERGH FIELD CA US,4.6,32.73361,-117.18306,20100528,10,0,0,645,687,604
GHCND:USW00023188,SAN DIEGO LINDBERGH FIELD CA US,4.6,32.73361,-117.18306,20100529,9,0,0,646,687,605
GHCND:USW00023188,SAN DIEGO LINDBERGH FIELD CA US,4.6,32.73361,-117.18306,20100530,9,0,0,647,688,605
GHCND:USW00023188,SAN DIEGO LINDBERGH FIELD CA US,4.6,32.73361,-117.18306,20100531,9,0,0,647,689,606
GHCND:USW00023188,SAN DIEGO LINDBERGH FIELD CA US,4.6,32.73361,-117.18306,20100601,9,0,0,648,689,607
GHCND:USW00023188,SAN DIEGO LINDBERGH FIELD CA US,4.6,32.73361,-117.18306,20100602,9,0,0,649,690,607
GHCND:USW00023188,SAN DIEGO LINDBERGH FIELD CA US,4.6,32.73361,-117.18306,20100603,8,0,0,650,691,608
GHCND:USW00023188,SAN DIEGO LINDBERGH FIELD CA US,4.6,32.73361,-117.18306,20100604,8,0,0,650,692,609
GHCND:USW00023188,SAN DIEGO LINDBERGH FIELD CA US,4.6,32.73361,-117.18306,20100605,8,0,0,651,693,610
GHCND:USW00023188,SAN DIEGO LINDBERGH FIELD CA US,4.6,32.73361,-117.18306,20100606,8,0,0,652,694,610
GHCND:USW00023188,SAN DIEGO LINDBERGH FIELD CA US,4.6,32.73361,-117.18306,20100607,8,0,0,653,695,611
GHCND:USW00023188,SAN DIEGO LINDBERGH FIELD CA US,4.6,32.73361,-117.18306,20100608,8,0,0,654,696,612
GHCND:USW00023188,SAN DIEGO LINDBERGH FIELD CA US,4.6,32.73361,-117.18306,20100609,8,0,0,655,698,613
GHCND:USW00023188,SAN DIEGO LINDBERGH FIELD CA US,4.6,32.73361,-117.18306,20100610,8,0,0,656,699,614
GHCND:USW00023188,SAN DIEGO LINDBERGH FIELD CA US,4.6,32.73361,-117.18306,20100611,8,0,0,657,700,614
GHCND:USW00023188,SAN DIEGO LINDBERGH FIELD CA US,4.6,32.73361,-117.18306,20100612,8,0,0,659,702,615
GHCND:USW00023188,SAN DIEGO LINDBERGH FIELD CA US,4.6,32.73361,-117.18306,20100613,7,0,0,660,703,616
GHCND:USW00023188,SAN DIEGO LINDBERGH FIELD CA US,4.6,32.73361,-117.18306,20100614,7,0,0,661,705,617
GHCND:USW00023188,SAN DIEGO LINDBERGH FIELD CA US,4.6,32.73361,-117.18306,20100615,7,0,0,662,706,618
GHCND:USW00023188,SAN DIEGO LINDBERGH FIELD CA US,4.6,32.73361,-117.18306,20100616,7,0,0,664,708,619
GHCND:USW00023188,SAN DIEGO LINDBERGH FIELD CA US,4.6,32.73361,-117.18306,20100617,7,0,0,665,709,621
GHCND:USW00023188,SAN DIEGO LINDBERGH FIELD CA US,4.6,32.73361,-117.18306,20100618,6,0,0,666,711,622
GHCND:USW00023188,SAN DIEGO LINDBERGH FIELD CA US,4.6,32.73361,-117.18306,20100619,6,0,0,668,713,623
GHCND:USW00023188,SAN DIEGO LINDBERGH FIELD CA US,4.6,32.73361,-117.18306,20100620,5,0,0,669,714,624
GHCND:USW00023188,SAN DIEGO LINDBERGH FIELD CA US,4.6,32.73361,-117.18306,20100621,5,0,0,671,716,625
GHCND:USW00023188,SAN DIEGO LINDBERGH FIELD CA US,4.6,32.73361,-117.18306,20100622,5,0,0,672,718,626
GHCND:USW00023188,SAN DIEGO LINDBERGH FIELD CA US,4.6,32.73361,-117.18306,20100623,4,0,0,673,719,628
GHCND:USW00023188,SAN DIEGO LINDBERGH FIELD CA US,4.6,32.73361,-117.18306,20100624,4,0,0,675,721,629
GHCND:USW00023188,SAN DIEGO LINDBERGH FIELD CA US,4.6,32.73361,-117.18306,20100625,4,0,0,676,723,630
GHCND:USW00023188,SAN DIEGO LINDBERGH FIELD CA US,4.6,32.73361,-117.18306,20100626,4,0,0,678,724,632
GHCND:USW00023188,SAN DIEGO LINDBERGH FIELD CA US,4.6,32.73361,-117.18306,20100627,4,0,0,679,726,633
GHCND:USW00023188,SAN DIEGO LINDBERGH FIELD CA US,4.6,32.73361,-117.18306,20100628,3,0,0,681,727,634
GHCND:USW00023188,SAN DIEGO LINDBERGH FIELD CA US,4.6,32.73361,-117.18306,20100629,3,0,0,682,729,635
GHCND:USW00023188,SAN DIEGO LINDBERGH FIELD CA US,4.6,32.73361,-117.18306,20100630,3,0,0,684,730,637
GHCND:USW00023188,SAN DIEGO LINDBERGH FIELD CA US,4.6,32.73361,-117.18306,20100701,3,0,0,685,732,638
GHCND:USW00023188,SAN DIEGO LINDBERGH FIELD CA US,4.6,32.73361,-117.18306,20100702,3,0,0,686,733,639
GHCND:USW00023188,SAN DIEGO LINDBERGH FIELD CA US,4.6,32.73361,-117.18306,20100703,3,0,0,688,735,641
GHCND:USW00023188,SAN DIEGO LINDBERGH FIELD CA US,4.6,32.73361,-117.18306,20100704,2,0,0,689,736,642
GHCND:USW00023188,SAN DIEGO LINDBERGH FIELD CA US,4.6,32.73361,-117.18306,20100705,2,0,0,690,737,643
GHCND:USW00023188,SAN DIEGO LINDBERGH FIELD CA US,4.6,32.73361,-117.18306,20100706,2,0,0,691,738,644
GHCND:USW00023188,SAN DIEGO LINDBERGH FIELD CA US,4.6,32.73361,-117.18306,20100707,2,0,0,693,739,646
GHCND:USW00023188,SAN DIEGO LINDBERGH FIELD CA US,4.6,32.73361,-117.18306,20100708,2,0,0,694,741,647
GHCND:USW00023188,SAN DIEGO LINDBERGH FIELD CA US,4.6,32.73361,-117.18306,20100709,2,0,0,695,742,648
GHCND:USW00023188,SAN DIEGO LINDBERGH FIELD CA US,4.6,32.73361,-117.18306,20100710,2,0,0,696,743,649
GHCND:USW00023188,SAN DIEGO LINDBERGH FIELD CA US,4.6,32.73361,-117.18306,20100711,2,0,0,697,744,650
GHCND:USW00023188,SAN DIEGO LINDBERGH FIELD CA US,4.6,32.73361,-117.18306,20100712,2,0,0,698,744,651
GHCND:USW00023188,SAN DIEGO LINDBERGH FIELD CA US,4.6,32.73361,-117.18306,20100713,2,0,0,699,745,653
GHCND:USW00023188,SAN DIEGO LINDBERGH FIELD CA US,4.6,32.73361,-117.18306,20100714,2,0,0,700,746,654
GHCND:USW00023188,SAN DIEGO LINDBERGH FIELD CA US,4.6,32.73361,-117.18306,20100715,2,0,0,701,747,654
GHCND:USW00023188,SAN DIEGO LINDBERGH FIELD CA US,4.6,32.73361,-117.18306,20100716,3,0,0,701,747,655
GHCND:USW00023188,SAN DIEGO LINDBERGH FIELD CA US,4.6,32.73361,-117.18306,20100717,3,0,0,702,748,656
GHCND:USW00023188,SAN DIEGO LINDBERGH FIELD CA US,4.6,32.73361,-117.18306,20100718,3,0,0,703,749,657
GHCND:USW00023188,SAN DIEGO LINDBERGH FIELD CA US,4.6,32.73361,-117.18306,20100719,3,0,0,704,749,658
GHCND:USW00023188,SAN DIEGO LINDBERGH FIELD CA US,4.6,32.73361,-117.18306,20100720,3,0,0,704,750,659
GHCND:USW00023188,SAN DIEGO LINDBERGH FIELD CA US,4.6,32.73361,-117.18306,20100721,3,0,0,705,750,660
GHCND:USW00023188,SAN DIEGO LINDBERGH FIELD CA US,4.6,32.73361,-117.18306,20100722,4,0,0,706,751,660
GHCND:USW00023188,SAN DIEGO LINDBERGH FIELD CA US,4.6,32.73361,-117.18306,20100723,4,0,0,706,751,661
GHCND:USW00023188,SAN DIEGO LINDBERGH FIELD CA US,4.6,32.73361,-117.18306,20100724,4,0,0,707,752,662
GHCND:USW00023188,SAN DIEGO LINDBERGH FIELD CA US,4.6,32.73361,-117.18306,20100725,4,0,0,707,752,662
GHCND:USW00023188,SAN DIEGO LINDBERGH FIELD CA US,4.6,32.73361,-117.18306,20100726,4,0,0,708,753,663
GHCND:USW00023188,SAN DIEGO LINDBERGH FIELD CA US,4.6,32.73361,-117.18306,20100727,4,0,0,708,753,663
GHCND:USW00023188,SAN DIEGO LINDBERGH FIELD CA US,4.6,32.73361,-117.18306,20100728,4,0,0,709,754,664
GHCND:USW00023188,SAN DIEGO LINDBERGH FIELD CA US,4.6,32.73361,-117.18306,20100729,4,0,0,709,754,664
GHCND:USW00023188,SAN DIEGO LINDBERGH FIELD CA US,4.6,32.73361,-117.18306,20100730,4,0,0,710,755,665
GHCND:USW00023188,SAN DIEGO LINDBERGH FIELD CA US,4.6,32.73361,-117.18306,20100731,4,0,0,710,755,665
GHCND:USW00023188,SAN DIEGO LINDBERGH FIELD CA US,4.6,32.73361,-117.18306,20100801,4,0,0,711,756,665
GHCND:USW00023188,SAN DIEGO LINDBERGH FIELD CA US,4.6,32.73361,-117.18306,20100802,4,0,0,711,756,666
GHCND:USW00023188,SAN DIEGO LINDBERGH FIELD CA US,4.6,32.73361,-117.18306,20100803,4,0,0,711,757,666
GHCND:USW00023188,SAN DIEGO LINDBERGH FIELD CA US,4.6,32.73361,-117.18306,20100804,4,0,0,712,757,666
GHCND:USW00023188,SAN DIEGO LINDBERGH FIELD CA US,4.6,32.73361,-117.18306,20100805,4,0,0,712,758,667
GHCND:USW00023188,SAN DIEGO LINDBERGH FIELD CA US,4.6,32.73361,-117.18306,20100806,4,0,0,713,758,667
GHCND:USW00023188,SAN DIEGO LINDBERGH FIELD CA US,4.6,32.73361,-117.18306,20100807,4,0,0,713,759,667
GHCND:USW00023188,SAN DIEGO LINDBERGH FIELD CA US,4.6,32.73361,-117.18306,20100808,4,0,0,713,760,667
GHCND:USW00023188,SAN DIEGO LINDBERGH FIELD CA US,4.6,32.73361,-117.18306,20100809,4,0,0,714,760,667
GHCND:USW00023188,SAN DIEGO LINDBERGH FIELD CA US,4.6,32.73361,-117.18306,20100810,4,0,0,714,761,667
GHCND:USW00023188,SAN DIEGO LINDBERGH FIELD CA US,4.6,32.73361,-117.18306,20100811,4,0,0,715,761,668
GHCND:USW00023188,SAN DIEGO LINDBERGH FIELD CA US,4.6,32.73361,-117.18306,20100812,4,0,0,715,762,668
GHCND:USW00023188,SAN DIEGO LINDBERGH FIELD CA US,4.6,32.73361,-117.18306,20100813,4,0,0,715,763,668
GHCND:USW00023188,SAN DIEGO LINDBERGH FIELD CA US,4.6,32.73361,-117.18306,20100814,4,0,0,716,763,668
GHCND:USW00023188,SAN DIEGO LINDBERGH FIELD CA US,4.6,32.73361,-117.18306,20100815,4,0,0,716,764,668
GHCND:USW00023188,SAN DIEGO LINDBERGH FIELD CA US,4.6,32.73361,-117.18306,20100816,4,0,0,716,765,668
GHCND:USW00023188,SAN DIEGO LINDBERGH FIELD CA US,4.6,32.73361,-117.18306,20100817,4,0,0,717,765,668
GHCND:USW00023188,SAN DIEGO LINDBERGH FIELD CA US,4.6,32.73361,-117.18306,20100818,3,0,0,717,766,668
GHCND:USW00023188,SAN DIEGO LINDBERGH FIELD CA US,4.6,32.73361,-117.18306,20100819,3,0,0,717,766,668
GHCND:USW00023188,SAN DIEGO LINDBERGH FIELD CA US,4.6,32.73361,-117.18306,20100820,3,0,0,717,767,668
GHCND:USW00023188,SAN DIEGO LINDBERGH FIELD CA US,4.6,32.73361,-117.18306,20100821,3,0,0,718,767,668
GHCND:USW00023188,SAN DIEGO LINDBERGH FIELD CA US,4.6,32.73361,-117.18306,20100822,3,0,0,718,768,668
GHCND:USW00023188,SAN DIEGO LINDBERGH FIELD CA US,4.6,32.73361,-117.18306,20100823,4,0,0,718,768,667
GHCND:USW00023188,SAN DIEGO LINDBERGH FIELD CA US,4.6,32.73361,-117.18306,20100824,4,0,0,718,769,667
GHCND:USW00023188,SAN DIEGO LINDBERGH FIELD CA US,4.6,32.73361,-117.18306,20100825,4,0,0,718,769,667
GHCND:USW00023188,SAN DIEGO LINDBERGH FIELD CA US,4.6,32.73361,-117.18306,20100826,4,0,0,718,769,667
GHCND:USW00023188,SAN DIEGO LINDBERGH FIELD CA US,4.6,32.73361,-117.18306,20100827,4,0,0,718,770,667
GHCND:USW00023188,SAN DIEGO LINDBERGH FIELD CA US,4.6,32.73361,-117.18306,20100828,4,0,0,718,770,666
GHCND:USW00023188,SAN DIEGO LINDBERGH FIELD CA US,4.6,32.73361,-117.18306,20100829,5,0,0,718,770,666
GHCND:USW00023188,SAN DIEGO LINDBERGH FIELD CA US,4.6,32.73361,-117.18306,20100830,5,0,0,718,770,666
GHCND:USW00023188,SAN DIEGO LINDBERGH FIELD CA US,4.6,32.73361,-117.18306,20100831,5,0,0,718,770,665
GHCND:USW00023188,SAN DIEGO LINDBERGH FIELD CA US,4.6,32.73361,-117.18306,20100901,6,0,0,717,770,665
GHCND:USW00023188,SAN DIEGO LINDBERGH FIELD CA US,4.6,32.73361,-117.18306,20100902,6,0,0,717,770,664
GHCND:USW00023188,SAN DIEGO LINDBERGH FIELD CA US,4.6,32.73361,-117.18306,20100903,7,0,0,717,769,664
GHCND:USW00023188,SAN DIEGO LINDBERGH FIELD CA US,4.6,32.73361,-117.18306,20100904,7,0,0,716,769,663
GHCND:USW00023188,SAN DIEGO LINDBERGH FIELD CA US,4.6,32.73361,-117.18306,20100905,7,0,0,716,769,663
GHCND:USW00023188,SAN DIEGO LINDBERGH FIELD CA US,4.6,32.73361,-117.18306,20100906,8,0,0,715,768,662
GHCND:USW00023188,SAN DIEGO LINDBERGH FIELD CA US,4.6,32.73361,-117.18306,20100907,8,0,0,714,768,661
GHCND:USW00023188,SAN DIEGO LINDBERGH FIELD CA US,4.6,32.73361,-117.18306,20100908,9,0,0,714,767,660
GHCND:USW00023188,SAN DIEGO LINDBERGH FIELD CA US,4.6,32.73361,-117.18306,20100909,9,0,0,713,766,660
GHCND:USW00023188,SAN DIEGO LINDBERGH FIELD CA US,4.6,32.73361,-117.18306,20100910,10,0,0,712,766,659
GHCND:USW00023188,SAN DIEGO LINDBERGH FIELD CA US,4.6,32.73361,-117.18306,20100911,10,0,0,711,765,658
GHCND:USW00023188,SAN DIEGO LINDBERGH FIELD CA US,4.6,32.73361,-117.18306,20100912,11,0,0,711,764,657
GHCND:USW00023188,SAN DIEGO LINDBERGH FIELD CA US,4.6,32.73361,-117.18306,20100913,11,0,0,710,763,656
GHCND:USW00023188,SAN DIEGO LINDBERGH FIELD CA US,4.6,32.73361,-117.18306,20100914,12,0,0,709,762,655
GHCND:USW00023188,SAN DIEGO LINDBERGH FIELD CA US,4.6,32.73361,-117.18306,20100915,12,0,0,708,761,654
GHCND:USW00023188,SAN DIEGO LINDBERGH FIELD CA US,4.6,32.73361,-117.18306,20100916,13,0,0,706,760,653
GHCND:USW00023188,SAN DIEGO LINDBERGH FIELD CA US,4.6,32.73361,-117.18306,20100917,14,0,0,705,759,652
GHCND:USW00023188,SAN DIEGO LINDBERGH FIELD CA US,4.6,32.73361,-117.18306,20100918,14,0,0,704,758,651
GHCND:USW00023188,SAN DIEGO LINDBERGH FIELD CA US,4.6,32.73361,-117.18306,20100919,15,0,0,703,757,649
GHCND:USW00023188,SAN DIEGO LINDBERGH FIELD CA US,4.6,32.73361,-117.18306,20100920,16,0,0,702,755,648
GHCND:USW00023188,SAN DIEGO LINDBERGH FIELD CA US,4.6,32.73361,-117.18306,20100921,17,0,0,701,754,647
GHCND:USW00023188,SAN DIEGO LINDBERGH FIELD CA US,4.6,32.73361,-117.18306,20100922,17,0,0,699,753,646
GHCND:USW00023188,SAN DIEGO LINDBERGH FIELD CA US,4.6,32.73361,-117.18306,20100923,18,0,0,698,752,644
GHCND:USW00023188,SAN DIEGO LINDBERGH FIELD CA US,4.6,32.73361,-117.18306,20100924,19,0,0,697,750,643
GHCND:USW00023188,SAN DIEGO LINDBERGH FIELD CA US,4.6,32.73361,-117.18306,20100925,20,0,0,695,749,642
GHCND:USW00023188,SAN DIEGO LINDBERGH FIELD CA US,4.6,32.73361,-117.18306,20100926,21,0,0,694,748,640
GHCND:USW00023188,SAN DIEGO LINDBERGH FIELD CA US,4.6,32.73361,-117.18306,20100927,21,0,0,693,747,639
GHCND:USW00023188,SAN DIEGO LINDBERGH FIELD CA US,4.6,32.73361,-117.18306,20100928,22,0,0,691,745,637
GHCND:USW00023188,SAN DIEGO LINDBERGH FIELD CA US,4.6,32.73361,-117.18306,20100929,23,0,0,690,744,636
GHCND:USW00023188,SAN DIEGO LINDBERGH FIELD CA US,4.6,32.73361,-117.18306,20100930,24,0,0,688,743,634
GHCND:USW00023188,SAN DIEGO LINDBERGH FIELD CA US,4.6,32.73361,-117.18306,20101001,25,0,0,687,742,633
GHCND:USW00023188,SAN DIEGO LINDBERGH FIELD CA US,4.6,32.73361,-117.18306,20101002,26,0,0,686,740,631
GHCND:USW00023188,SAN DIEGO LINDBERGH FIELD CA US,4.6,32.73361,-117.18306,20101003,27,0,0,684,739,629
GHCND:USW00023188,SAN DIEGO LINDBERGH FIELD CA US,4.6,32.73361,-117.18306,20101004,28,0,0,683,738,628
GHCND:USW00023188,SAN DIEGO LINDBERGH FIELD CA US,4.6,32.73361,-117.18306,20101005,29,0,0,682,737,626
GHCND:USW00023188,SAN DIEGO LINDBERGH FIELD CA US,4.6,32.73361,-117.18306,20101006,30,0,0,680,736,625
GHCND:USW00023188,SAN DIEGO LINDBERGH FIELD CA US,4.6,32.73361,-117.18306,20101007,31,0,0,679,735,623
GHCND:USW00023188,SAN DIEGO LINDBERGH FIELD CA US,4.6,32.73361,-117.18306,20101008,32,0,0,678,734,621
GHCND:USW00023188,SAN DIEGO LINDBERGH FIELD CA US,4.6,32.73361,-117.18306,20101009,33,0,0,676,733,620
GHCND:USW00023188,SAN DIEGO LINDBERGH FIELD CA US,4.6,32.73361,-117.18306,20101010,34,0,0,675,732,618
GHCND:USW00023188,SAN DIEGO LINDBERGH FIELD CA US,4.6,32.73361,-117.18306,20101011,36,0,0,674,732,616
GHCND:USW00023188,SAN DIEGO LINDBERGH FIELD CA US,4.6,32.73361,-117.18306,20101012,37,0,0,673,731,614
GHCND:USW00023188,SAN DIEGO LINDBERGH FIELD CA US,4.6,32.73361,-117.18306,20101013,38,0,0,671,730,613
GHCND:USW00023188,SAN DIEGO LINDBERGH FIELD CA US,4.6,32.73361,-117.18306,20101014,39,0,0,670,729,611
GHCND:USW00023188,SAN DIEGO LINDBERGH FIELD CA US,4.6,32.73361,-117.18306,20101015,40,0,0,669,728,609
GHCND:USW00023188,SAN DIEGO LINDBERGH FIELD CA US,4.6,32.73361,-117.18306,20101016,41,0,0,667,728,607
GHCND:USW00023188,SAN DIEGO LINDBERGH FIELD CA US,4.6,32.73361,-117.18306,20101017,43,0,0,666,727,605
GHCND:USW00023188,SAN DIEGO LINDBERGH FIELD CA US,4.6,32.73361,-117.18306,20101018,44,0,0,665,726,603
GHCND:USW00023188,SAN DIEGO LINDBERGH FIELD CA US,4.6,32.73361,-117.18306,20101019,45,0,0,663,725,601
GHCND:USW00023188,SAN DIEGO LINDBERGH FIELD CA US,4.6,32.73361,-117.18306,20101020,46,0,0,662,725,599
GHCND:USW00023188,SAN DIEGO LINDBERGH FIELD CA US,4.6,32.73361,-117.18306,20101021,47,0,0,661,724,597
GHCND:USW00023188,SAN DIEGO LINDBERGH FIELD CA US,4.6,32.73361,-117.18306,20101022,48,0,0,659,723,595
GHCND:USW00023188,SAN DIEGO LINDBERGH FIELD CA US,4.6,32.73361,-117.18306,20101023,49,0,0,658,723,593
GHCND:USW00023188,SAN DIEGO LINDBERGH FIELD CA US,4.6,32.73361,-117.18306,20101024,49,0,0,656,722,591
GHCND:USW00023188,SAN DIEGO LINDBERGH FIELD CA US,4.6,32.73361,-117.18306,20101025,50,0,0,655,721,589
GHCND:USW00023188,SAN DIEGO LINDBERGH FIELD CA US,4.6,32.73361,-117.18306,20101026,51,0,0,654,720,587
GHCND:USW00023188,SAN DIEGO LINDBERGH FIELD CA US,4.6,32.73361,-117.18306,20101027,52,0,0,652,719,585
GHCND:USW00023188,SAN DIEGO LINDBERGH FIELD CA US,4.6,32.73361,-117.18306,20101028,53,0,0,650,718,583
GHCND:USW00023188,SAN DIEGO LINDBERGH FIELD CA US,4.6,32.73361,-117.18306,20101029,54,0,0,649,717,580
GHCND:USW00023188,SAN DIEGO LINDBERGH FIELD CA US,4.6,32.73361,-117.18306,20101030,55,0,0,647,716,578
GHCND:USW00023188,SAN DIEGO LINDBERGH FIELD CA US,4.6,32.73361,-117.18306,20101031,56,0,0,645,715,576
GHCND:USW00023188,SAN DIEGO LINDBERGH FIELD CA US,4.6,32.73361,-117.18306,20101101,57,0,0,644,714,573
GHCND:USW00023188,SAN DIEGO LINDBERGH FIELD CA US,4.6,32.73361,-117.18306,20101102,57,0,0,642,713,571
GHCND:USW00023188,SAN DIEGO LINDBERGH FIELD CA US,4.6,32.73361,-117.18306,20101103,58,0,0,640,712,568
GHCND:USW00023188,SAN DIEGO LINDBERGH FIELD CA US,4.6,32.73361,-117.18306,20101104,59,0,0,638,710,566
GHCND:USW00023188,SAN DIEGO LINDBERGH FIELD CA US,4.6,32.73361,-117.18306,20101105,60,0,0,636,709,563
GHCND:USW00023188,SAN DIEGO LINDBERGH FIELD CA US,4.6,32.73361,-117.18306,20101106,61,0,0,634,708,561
GHCND:USW00023188,SAN DIEGO LINDBERGH FIELD CA US,4.6,32.73361,-117.18306,20101107,63,0,0,632,706,558
GHCND:USW00023188,SAN DIEGO LINDBERGH FIELD CA US,4.6,32.73361,-117.18306,20101108,64,0,0,630,705,556
GHCND:USW00023188,SAN DIEGO LINDBERGH FIELD CA US,4.6,32.73361,-117.18306,20101109,65,0,0,628,703,553
GHCND:USW00023188,SAN DIEGO LINDBERGH FIELD CA US,4.6,32.73361,-117.18306,20101110,66,0,0,626,701,550
GHCND:USW00023188,SAN DIEGO LINDBERGH FIELD CA US,4.6,32.73361,-117.18306,20101111,68,0,0,624,700,548
GHCND:USW00023188,SAN DIEGO LINDBERGH FIELD CA US,4.6,32.73361,-117.18306,20101112,69,0,0,621,698,545
GHCND:USW00023188,SAN DIEGO LINDBERGH FIELD CA US,4.6,32.73361,-117.18306,20101113,70,0,0,619,696,542
GHCND:USW00023188,SAN DIEGO LINDBERGH FIELD CA US,4.6,32.73361,-117.18306,20101114,71,0,0,617,694,540
GHCND:USW00023188,SAN DIEGO LINDBERGH FIELD CA US,4.6,32.73361,-117.18306,20101115,71,0,0,615,692,537
GHCND:USW00023188,SAN DIEGO LINDBERGH FIELD CA US,4.6,32.73361,-117.18306,20101116,72,0,0,612,690,534
GHCND:USW00023188,SAN DIEGO LINDBERGH FIELD CA US,4.6,32.73361,-117.18306,20101117,73,0,0,610,688,532
GHCND:USW00023188,SAN DIEGO LINDBERGH FIELD CA US,4.6,32.73361,-117.18306,20101118,74,0,0,608,686,529
GHCND:USW00023188,SAN DIEGO LINDBERGH FIELD CA US,4.6,32.73361,-117.18306,20101119,76,0,0,605,684,526
GHCND:USW00023188,SAN DIEGO LINDBERGH FIELD CA US,4.6,32.73361,-117.18306,20101120,77,0,0,603,682,524
GHCND:USW00023188,SAN DIEGO LINDBERGH FIELD CA US,4.6,32.73361,-117.18306,20101121,78,0,0,601,680,521
GHCND:USW00023188,SAN DIEGO LINDBERGH FIELD CA US,4.6,32.73361,-117.18306,20101122,80,0,0,598,678,519
GHCND:USW00023188,SAN DIEGO LINDBERGH FIELD CA US,4.6,32.73361,-117.18306,20101123,81,0,0,596,676,516
GHCND:USW00023188,SAN DIEGO LINDBERGH FIELD CA US,4.6,32.73361,-117.18306,20101124,83,0,0,594,674,514
GHCND:USW00023188,SAN DIEGO LINDBERGH FIELD CA US,4.6,32.73361,-117.18306,20101125,84,0,0,592,672,511
GHCND:USW00023188,SAN DIEGO LINDBERGH FIELD CA US,4.6,32.73361,-117.18306,20101126,85,0,0,589,670,509
GHCND:USW00023188,SAN DIEGO LINDBERGH FIELD CA US,4.6,32.73361,-117.18306,20101127,87,0,0,587,668,507
GHCND:USW00023188,SAN DIEGO LINDBERGH FIELD CA US,4.6,32.73361,-117.18306,20101128,88,0,0,585,666,505
GHCND:USW00023188,SAN DIEGO LINDBERGH FIELD CA US,4.6,32.73361,-117.18306,20101129,89,0,0,583,664,502
GHCND:USW00023188,SAN DIEGO LINDBERGH FIELD CA US,4.6,32.73361,-117.18306,20101130,91,0,0,581,662,500
GHCND:USW00023188,SAN DIEGO LINDBERGH FIELD CA US,4.6,32.73361,-117.18306,20101201,92,0,0,579,660,498
GHCND:USW00023188,SAN DIEGO LINDBERGH FIELD CA US,4.6,32.73361,-117.18306,20101202,93,0,0,578,659,497
GHCND:USW00023188,SAN DIEGO LINDBERGH FIELD CA US,4.6,32.73361,-117.18306,20101203,94,0,0,576,657,495
GHCND:USW00023188,SAN DIEGO LINDBERGH FIELD CA US,4.6,32.73361,-117.18306,20101204,95,0,0,574,655,493
GHCND:USW00023188,SAN DIEGO LINDBERGH FIELD CA US,4.6,32.73361,-117.18306,20101205,96,0,0,573,654,491
GHCND:USW00023188,SAN DIEGO LINDBERGH FIELD CA US,4.6,32.73361,-117.18306,20101206,97,0,0,571,652,490
GHCND:USW00023188,SAN DIEGO LINDBERGH FIELD CA US,4.6,32.73361,-117.18306,20101207,98,0,0,570,651,489
GHCND:USW00023188,SAN DIEGO LINDBERGH FIELD CA US,4.6,32.73361,-117.18306,20101208,100,0,0,569,650,487
GHCND:USW00023188,SAN DIEGO LINDBERGH FIELD CA US,4.6,32.73361,-117.18306,20101209,101,0,0,567,649,486
GHCND:USW00023188,SAN DIEGO LINDBERGH FIELD CA US,4.6,32.73361,-117.18306,20101210,102,0,0,566,648,485
GHCND:USW00023188,SAN DIEGO LINDBERGH FIELD CA US,4.6,32.73361,-117.18306,20101211,103,0,0,565,647,484
GHCND:USW00023188,SAN DIEGO LINDBERGH FIELD CA US,4.6,32.73361,-117.18306,20101212,104,0,0,565,646,483
GHCND:USW00023188,SAN DIEGO LINDBERGH FIELD CA US,4.6,32.73361,-117.18306,20101213,106,0,0,564,645,482
GHCND:USW00023188,SAN DIEGO LINDBERGH FIELD CA US,4.6,32.73361,-117.18306,20101214,107,0,0,563,645,482
GHCND:USW00023188,SAN DIEGO LINDBERGH FIELD CA US,4.6,32.73361,-117.18306,20101215,109,0,0,563,644,481
GHCND:USW00023188,SAN DIEGO LINDBERGH FIELD CA US,4.6,32.73361,-117.18306,20101216,110,0,0,562,644,480
GHCND:USW00023188,SAN DIEGO LINDBERGH FIELD CA US,4.6,32.73361,-117.18306,20101217,112,0,0,562,643,480
GHCND:USW00023188,SAN DIEGO LINDBERGH FIELD CA US,4.6,32.73361,-117.18306,20101218,113,0,0,561,643,480
GHCND:USW00023188,SAN DIEGO LINDBERGH FIELD CA US,4.6,32.73361,-117.18306,20101219,114,0,0,561,643,480
GHCND:USW00023188,SAN DIEGO LINDBERGH FIELD CA US,4.6,32.73361,-117.18306,20101220,115,0,0,561,643,479
GHCND:USW00023188,SAN DIEGO LINDBERGH FIELD CA US,4.6,32.73361,-117.18306,20101221,116,0,0,561,643,479
GHCND:USW00023188,SAN DIEGO LINDBERGH FIELD CA US,4.6,32.73361,-117.18306,20101222,117,0,0,561,643,479
GHCND:USW00023188,SAN DIEGO LINDBERGH FIELD CA US,4.6,32.73361,-117.18306,20101223,118,0,0,561,643,479
GHCND:USW00023188,SAN DIEGO LINDBERGH FIELD CA US,4.6,32.73361,-117.18306,20101224,119,0,0,561,643,479
GHCND:USW00023188,SAN DIEGO LINDBERGH FIELD CA US,4.6,32.73361,-117.18306,20101225,120,0,0,561,643,480
GHCND:USW00023188,SAN DIEGO LINDBERGH FIELD CA US,4.6,32.73361,-117.18306,20101226,120,0,0,562,643,480
GHCND:USW00023188,SAN DIEGO LINDBERGH FIELD CA US,4.6,32.73361,-117.18306,20101227,121,0,0,562,644,480
GHCND:USW00023188,SAN DIEGO LINDBERGH FIELD CA US,4.6,32.73361,-117.18306,20101228,122,0,0,562,644,481
GHCND:USW00023188,SAN DIEGO LINDBERGH FIELD CA US,4.6,32.73361,-117.18306,20101229,123,0,0,563,645,481
GHCND:USW00023188,SAN DIEGO LINDBERGH FIELD CA US,4.6,32.73361,-117.18306,20101230,123,0,0,563,645,481
GHCND:USW00023188,SAN DIEGO LINDBERGH FIELD CA US,4.6,32.73361,-117.18306,20101231,124,0,0,564,646,482